{"schemaVersion":"1.0","appDefinitionTemplate":{"id":"/providers/Microsoft.PowerApps/apps/","type":"Microsoft.PowerApps/apps","tags":{"primaryDeviceWidth":"1366","primaryDeviceHeight":"768","supportsPortrait":"true","supportsLandscape":"true","primaryFormFactor":"Tablet","showStatusBar":"false","publisherVersion":"3.25074.8","minimumRequiredApiVersion":"2.2.0","hasComponent":"false","hasUnlockedComponent":"false","isUnifiedRootApp":"false","sienaVersion":"20250809T163435Z-3.25074.8.0"},"properties":{"appVersion":"2025-08-09T16:34:35Z","lifeCycleId":"Published","createdByClientVersion":{"major":3,"minor":25074,"build":8,"revision":0,"majorRevision":0,"minorRevision":0},"minClientVersion":{"major":3,"minor":25074,"build":8,"revision":0,"majorRevision":0,"minorRevision":0},"backgroundColor":"RGBA(0,176,240,1)","backgroundImageUri":"/10878672493594389268/N4b4aef44-d72b-4b55-9e4a-ef0d27af68f5-logoSmallFile","displayName":"Out of Office","description":"","commitMessage":"","appUris":{"documentUri":{"value":"/10878672493594389268/N75812d79-c2e8-4eb7-9410-598572fb2c4d-document.msapp"},"imageUris":[],"additionalUris":[{"isSolutionAware":false,"value":"/10878672493594389268/Nd513e087-e849-444b-bf50-62f18332a6ea-identity.json"}]},"createdTime":"0001-01-01T00:00:00Z","lastModifiedTime":"0001-01-01T00:00:00Z","sharedGroupsCount":0,"sharedUsersCount":0,"connectionReferences":{"62c05232-b2f5-4a1c-9c7f-307bce97a958":{"id":"7cbf6c35-9af3-4536-abb6-02f718f1fa8d","displayName":"SharePoint","iconUri":"https://conn-afd-prod-endpoint-bmc9bqahasf3grgk.b01.azurefd.net/v1.0.1762/1.0.1762.4298/sharepointonline/icon.png","dataSources":["Employees","Holiday Calendar","Leave Request"],"dependencies":[],"dependents":[],"parameterHints":{},"parameterHintsV2":{},"isOnPremiseConnection":false,"bypassConsent":false,"dataSets":{"https://gracensity.sharepoint.com/sites/TestHub_1":{"dataSources":{"Employees":{"tableName":"47b89542-0e88-4309-90b5-a75500382c23"},"Holiday Calendar":{"tableName":"8906a006-4146-4067-bd4f-7671963978b1"},"Leave Request":{"tableName":"616d8316-66f0-4c2a-aebe-ce1060b7b461"}}}},"apiTier":"Standard","isCustomApiConnection":false,"actions":["providers/PowerPlatform.Governance/Operations/Read","providers/PowerPlatform.Governance/Operations/Write"]}},"databaseReferences":{},"almMode":"Environment","performanceOptimizationEnabled":true,"canConsumeAppPass":true,"enableModernRuntimeMode":false,"executionRestrictions":{"isTeamsOnly":false,"dataLossPreventionEvaluationResult":{"status":"Compliant","lastEvaluationDate":"2025-08-07T01:39:55.1187801Z","violations":[],"violationsByPolicy":[],"violationErrorMessage":"The app uses the following connectors: shared_sharepointonline."}}},"isAppComponentLibrary":false,"appType":"ClassicCanvasApp","appComponents":[]}}